{"cameraMode":{"drawMode":0,"name":"Shaded","section":"Shading Mode"},"sceneLighting":true,"audioPlay":false,"sceneViewState":{"showFog":true,"showMaterialUpdate":true,"showSkybox":true,"showFlares":true,"showImageEffects":true,"showParticleSystems":true},"in2DMode":false,"pivot":{"x":11.840078353881836,"y":1.9738054275512696,"z":-6.001189231872559},"rotation":{"x":0.14650586247444154,"y":-0.6908184289932251,"z":0.1470947265625,"w":0.692730724811554},"size":3.3253324031829836,"orthographic":false}