{"cameraMode":{"drawMode":0,"name":"Shaded","section":"Shading Mode"},"sceneLighting":false,"audioPlay":false,"sceneViewState":{"showFog":true,"showMaterialUpdate":true,"showSkybox":false,"showFlares":true,"showImageEffects":true,"showParticleSystems":true},"in2DMode":false,"pivot":{"x":22.350006103515626,"y":211.0800018310547,"z":0.0},"rotation":{"x":0.007583217695355415,"y":-0.9532795548439026,"z":0.30116087198257449,"w":0.024011649191379548},"size":93.06058502197266,"orthographic":false}