{"cameraMode":{"drawMode":0,"name":"Shaded","section":"Shading Mode"},"sceneLighting":true,"audioPlay":false,"sceneViewState":{"showFog":true,"showMaterialUpdate":true,"showSkybox":true,"showFlares":true,"showImageEffects":true,"showParticleSystems":true},"in2DMode":false,"pivot":{"x":132.778564453125,"y":128.5884552001953,"z":7.0877838134765629},"rotation":{"x":0.02341039851307869,"y":0.01920218952000141,"z":0.00008802057709544897,"w":0.9996323585510254},"size":282.2364501953125,"orthographic":false}