{"cameraMode":{"drawMode":0,"name":"Shaded","section":"Shading Mode"},"sceneLighting":false,"audioPlay":false,"sceneViewState":{"showFog":true,"showMaterialUpdate":true,"showSkybox":false,"showFlares":true,"showImageEffects":true,"showParticleSystems":true},"in2DMode":false,"pivot":{"x":-13.722146034240723,"y":6.583230018615723,"z":3.962857246398926},"rotation":{"x":-0.034811295568943027,"y":-0.9535737633705139,"z":0.277001291513443,"w":-0.11415039747953415},"size":11.209813117980957,"orthographic":false}