{"cameraMode":{"drawMode":0,"name":"Shaded","section":"Shading Mode"},"sceneLighting":false,"audioPlay":false,"sceneViewState":{"showFog":true,"showMaterialUpdate":true,"showSkybox":false,"showFlares":true,"showImageEffects":true,"showParticleSystems":true},"in2DMode":false,"pivot":{"x":2.52850604057312,"y":0.5362600088119507,"z":-2.950000047683716},"rotation":{"x":-0.009797872975468636,"y":-0.7586241364479065,"z":0.6513972878456116,"w":-0.01134493201971054},"size":2.406381368637085,"orthographic":false}