{"cameraMode":{"drawMode":0,"name":"Shaded","section":"Shading Mode"},"sceneLighting":false,"audioPlay":false,"sceneViewState":{"showFog":true,"showMaterialUpdate":true,"showSkybox":false,"showFlares":true,"showImageEffects":true,"showParticleSystems":true},"in2DMode":false,"pivot":{"x":22.350006103515626,"y":211.0800018310547,"z":0.0},"rotation":{"x":-0.00013911319547332823,"y":0.9998209476470947,"z":-0.01499767042696476,"w":-0.014688395895063877},"size":88.87285614013672,"orthographic":false}