{"cameraMode":{"drawMode":0,"name":"Shaded","section":"Shading Mode"},"sceneLighting":false,"audioPlay":false,"sceneViewState":{"showFog":true,"showMaterialUpdate":true,"showSkybox":true,"showFlares":true,"showImageEffects":true,"showParticleSystems":true},"in2DMode":false,"pivot":{"x":-2.4445505142211916,"y":-0.5182176828384399,"z":7.329211235046387},"rotation":{"x":-0.08998004347085953,"y":-0.7805700302124023,"z":0.1137082576751709,"w":-0.6081528663635254},"size":3.575044631958008,"orthographic":false}