{"cameraMode":{"drawMode":0,"name":"Shaded","section":"Shading Mode"},"sceneLighting":false,"audioPlay":false,"sceneViewState":{"showFog":true,"showMaterialUpdate":true,"showSkybox":true,"showFlares":true,"showImageEffects":true,"showParticleSystems":true},"in2DMode":false,"pivot":{"x":0.0006566047668457031,"y":-0.00055694580078125,"z":-0.06103330850601196},"rotation":{"x":0.04345150291919708,"y":-0.023558184504508973,"z":0.0021428822074085476,"w":0.9988608956336975},"size":10.522856712341309,"orthographic":false}