{"cameraMode":{"drawMode":0,"name":"Shaded","section":"Shading Mode"},"sceneLighting":false,"audioPlay":false,"sceneViewState":{"showFog":true,"showMaterialUpdate":true,"showSkybox":false,"showFlares":true,"showImageEffects":true,"showParticleSystems":true},"in2DMode":false,"pivot":{"x":16.692548751831056,"y":0.9693877696990967,"z":-7.337845802307129},"rotation":{"x":-0.27435365319252016,"y":0.6796456575393677,"z":-0.30718690156936648,"w":-0.6070038080215454},"size":3.319309711456299,"orthographic":false}