{"cameraMode":{"drawMode":0,"name":"Shaded","section":"Shading Mode"},"sceneLighting":false,"audioPlay":false,"sceneViewState":{"showFog":true,"showMaterialUpdate":true,"showSkybox":true,"showFlares":true,"showImageEffects":true,"showParticleSystems":true},"in2DMode":false,"pivot":{"x":1.7960028648376465,"y":1.9319393634796143,"z":5.876938819885254},"rotation":{"x":0.0026843713130801918,"y":0.8499971032142639,"z":-0.5269960761070252,"w":0.0017745121149346233},"size":7.047014236450195,"orthographic":false}