{"cameraMode":{"drawMode":0,"name":"Shaded","section":"Shading Mode"},"sceneLighting":false,"audioPlay":false,"sceneViewState":{"showFog":true,"showMaterialUpdate":true,"showSkybox":true,"showFlares":true,"showImageEffects":true,"showParticleSystems":true},"in2DMode":false,"pivot":{"x":14.978262901306153,"y":2.9866373538970949,"z":-7.0873870849609379},"rotation":{"x":-0.19954754412174226,"y":0.6994636654853821,"z":-0.21407364308834077,"w":-0.6520111560821533},"size":6.215717792510986,"orthographic":false}