{"cameraMode":{"drawMode":0,"name":"Shaded","section":"Shading Mode"},"sceneLighting":false,"audioPlay":false,"sceneViewState":{"showFog":true,"showMaterialUpdate":true,"showSkybox":false,"showFlares":true,"showImageEffects":true,"showParticleSystems":true},"in2DMode":false,"pivot":{"x":16.34000015258789,"y":0.9529098272323608,"z":-6.871766090393066},"rotation":{"x":0.09821527451276779,"y":0.8082486391067505,"z":-0.14077743887901307,"w":0.5633221864700317},"size":2.6157164573669435,"orthographic":false}