{"cameraMode":{"drawMode":0,"name":"Shaded","section":"Shading Mode"},"sceneLighting":false,"audioPlay":false,"sceneViewState":{"showFog":true,"showMaterialUpdate":true,"showSkybox":true,"showFlares":true,"showImageEffects":true,"showParticleSystems":true},"in2DMode":false,"pivot":{"x":6.246189594268799,"y":-3.1279690265655519,"z":1.1408545970916749},"rotation":{"x":-0.01056820061057806,"y":0.8350727558135986,"z":-0.5498769283294678,"w":-0.017126034945249559},"size":15.900428771972657,"orthographic":false}