{"cameraMode":{"drawMode":0,"name":"Shaded","section":"Shading Mode"},"sceneLighting":false,"audioPlay":false,"sceneViewState":{"showFog":true,"showMaterialUpdate":true,"showSkybox":true,"showFlares":true,"showImageEffects":true,"showParticleSystems":true},"in2DMode":false,"pivot":{"x":0.25198817253112795,"y":3.18949031829834,"z":8.459197998046875},"rotation":{"x":-0.0007898182375356555,"y":-0.6845328211784363,"z":0.7290776371955872,"w":0.0004469500854611397},"size":1.8346610069274903,"orthographic":false}