{"cameraMode":{"drawMode":0,"name":"Shaded","section":"Shading Mode"},"sceneLighting":false,"audioPlay":false,"sceneViewState":{"showFog":true,"showMaterialUpdate":true,"showSkybox":false,"showFlares":true,"showImageEffects":true,"showParticleSystems":true},"in2DMode":false,"pivot":{"x":2.0183498859405519,"y":0.6885974407196045,"z":-3.069406032562256},"rotation":{"x":0.0010695162927731872,"y":-0.9167524576187134,"z":0.3995377719402313,"w":0.0024600746110081674},"size":1.7981033325195313,"orthographic":false}