{"cameraMode":{"drawMode":0,"name":"Shaded","section":"Shading Mode"},"sceneLighting":false,"audioPlay":false,"sceneViewState":{"showFog":true,"showMaterialUpdate":true,"showSkybox":true,"showFlares":true,"showImageEffects":true,"showParticleSystems":true},"in2DMode":false,"pivot":{"x":-1.083632230758667,"y":0.9609392881393433,"z":-1.490123987197876},"rotation":{"x":-0.005259344354271889,"y":0.9840390086174011,"z":-0.03288291394710541,"w":-0.17513899505138398},"size":13.210280418395996,"orthographic":false}