{"cameraMode":{"drawMode":0,"name":"Shaded","section":"Shading Mode"},"sceneLighting":false,"audioPlay":false,"sceneViewState":{"showFog":true,"showMaterialUpdate":true,"showSkybox":false,"showFlares":true,"showImageEffects":true,"showParticleSystems":true},"in2DMode":false,"pivot":{"x":1.9034984111785889,"y":-6.354597091674805,"z":-50.88703918457031},"rotation":{"x":-0.27518025040626528,"y":-0.07784513384103775,"z":0.02118612639605999,"w":-0.9580843448638916},"size":191.3433837890625,"orthographic":false}