{"cameraMode":{"drawMode":0,"name":"Shaded","section":"Shading Mode"},"sceneLighting":false,"audioPlay":false,"sceneViewState":{"showFog":true,"showMaterialUpdate":true,"showSkybox":true,"showFlares":true,"showImageEffects":true,"showParticleSystems":true},"in2DMode":false,"pivot":{"x":0.1733107566833496,"y":45.384979248046878,"z":-81.60475158691406},"rotation":{"x":0.14005081355571748,"y":0.4683017134666443,"z":-0.0739007219672203,"w":0.8693972229957581},"size":862.8819580078125,"orthographic":false}