{"cameraMode":{"drawMode":0,"name":"Shaded","section":"Shading Mode"},"sceneLighting":false,"audioPlay":false,"sceneViewState":{"showFog":true,"showMaterialUpdate":true,"showSkybox":true,"showFlares":true,"showImageEffects":true,"showParticleSystems":true},"in2DMode":false,"pivot":{"x":-2.8178796768188478,"y":1.2533328533172608,"z":0.3839094936847687},"rotation":{"x":-0.002143420511856675,"y":-0.9993510842323303,"z":0.035361919552087787,"w":-0.017234748229384424},"size":4.0578837394714359,"orthographic":false}