{"cameraMode":{"drawMode":0,"name":"Shaded","section":"Shading Mode"},"sceneLighting":false,"audioPlay":false,"sceneViewState":{"showFog":true,"showMaterialUpdate":true,"showSkybox":false,"showFlares":true,"showImageEffects":true,"showParticleSystems":true},"in2DMode":false,"pivot":{"x":-0.004717960953712463,"y":0.20007093250751496,"z":0.003805488348007202},"rotation":{"x":0.05616002529859543,"y":0.9017670154571533,"z":-0.411077082157135,"w":0.12165551632642746},"size":1.9512771368026734,"orthographic":false}