{"cameraMode":{"drawMode":0,"name":"Shaded","section":"Shading Mode"},"sceneLighting":false,"audioPlay":false,"sceneViewState":{"showFog":true,"showMaterialUpdate":true,"showSkybox":true,"showFlares":true,"showImageEffects":true,"showParticleSystems":true},"in2DMode":false,"pivot":{"x":559.9505004882813,"y":184.94139099121095,"z":45.300567626953128},"rotation":{"x":0.004218181595206261,"y":0.9967600703239441,"z":-0.054122041910886767,"w":0.060949262231588367},"size":431.95263671875,"orthographic":false}