{"cameraMode":{"drawMode":0,"name":"Shaded","section":"Shading Mode"},"sceneLighting":false,"audioPlay":false,"sceneViewState":{"showFog":true,"showMaterialUpdate":true,"showSkybox":true,"showFlares":true,"showImageEffects":true,"showParticleSystems":true},"in2DMode":false,"pivot":{"x":-0.042051367461681369,"y":0.5552266836166382,"z":-0.013779955916106701},"rotation":{"x":-0.012487257830798626,"y":0.9833003878593445,"z":-0.14454863965511323,"w":-0.1128988116979599},"size":3.571129322052002,"orthographic":false}