{"cameraMode":{"drawMode":0,"name":"Shaded","section":"Shading Mode"},"sceneLighting":false,"audioPlay":false,"sceneViewState":{"showFog":true,"showMaterialUpdate":true,"showSkybox":true,"showFlares":true,"showImageEffects":true,"showParticleSystems":true},"in2DMode":false,"pivot":{"x":1.8018651008605958,"y":5.093987941741943,"z":-1.9842326641082764},"rotation":{"x":-0.0037632931489497425,"y":-0.744285523891449,"z":0.6679477095603943,"w":-0.0030345425475388767},"size":24.64297866821289,"orthographic":false}