{"cameraMode":{"drawMode":0,"name":"Shaded","section":"Shading Mode"},"sceneLighting":false,"audioPlay":false,"sceneViewState":{"showFog":true,"showMaterialUpdate":true,"showSkybox":false,"showFlares":true,"showImageEffects":true,"showParticleSystems":true},"in2DMode":false,"pivot":{"x":-1.4901161193847657e-7,"y":0.11888277530670166,"z":0.014821827411651612},"rotation":{"x":-0.0033543617464601995,"y":0.8106662631034851,"z":-0.5855004787445068,"w":-0.004607957787811756},"size":2.012920379638672,"orthographic":false}