{"cameraMode":{"drawMode":0,"name":"Shaded","section":"Shading Mode"},"sceneLighting":false,"audioPlay":false,"sceneViewState":{"showFog":true,"showMaterialUpdate":true,"showSkybox":true,"showFlares":true,"showImageEffects":true,"showParticleSystems":true},"in2DMode":false,"pivot":{"x":736.3817138671875,"y":111.57411193847656,"z":131.11279296875},"rotation":{"x":-0.005093478597700596,"y":0.991958737373352,"z":-0.11663680523633957,"w":-0.05081303417682648},"size":206.46047973632813,"orthographic":false}