{"cameraMode":{"drawMode":0,"name":"Shaded","section":"Shading Mode"},"sceneLighting":false,"audioPlay":false,"sceneViewState":{"showFog":true,"showMaterialUpdate":true,"showSkybox":false,"showFlares":true,"showImageEffects":true,"showParticleSystems":true},"in2DMode":false,"pivot":{"x":2.0183498859405519,"y":0.6885974407196045,"z":-3.069406032562256},"rotation":{"x":-0.08761867880821228,"y":-0.9094017744064331,"z":0.3237350881099701,"w":-0.24612903594970704},"size":1.7981033325195313,"orthographic":false}