{"cameraMode":{"drawMode":0,"name":"Shaded","section":"Shading Mode"},"sceneLighting":false,"audioPlay":false,"sceneViewState":{"showFog":true,"showMaterialUpdate":true,"showSkybox":true,"showFlares":true,"showImageEffects":true,"showParticleSystems":true},"in2DMode":false,"pivot":{"x":-48.004547119140628,"y":199.03041076660157,"z":25.721235275268556},"rotation":{"x":0.004218181595206261,"y":0.9967600703239441,"z":-0.054122041910886767,"w":0.060949262231588367},"size":401.7304992675781,"orthographic":false}